{
  "product": [
    {
      "id": 101,
      "name": "Laptop",
      "price": 5000,
      "company": "Dell"
    },
    {
      "id": 102,
      "name": "Mouse",
      "price": 600,
      "company": "Iball"
    },
    {
      "id": 103,
      "name": "Printer",
      "price": 10000,
      "company": "Toshiba"
    },
    {
      "id": 105,
      "name": "USB",
      "price": 1200,
      "company": "SanDisk"
    },
    {
      "id": 106
    },
    {
      "name": "test",
      "price": "test",
      "company": "test",
      "id": 107
    },
    {
      "id": 108,
      "name": "LED TV",
      "price": "40,000",
      "company": "Sony"
    }
  ]
}