{
  "product": [
    {
      "id": 101,
      "name": "Laptop",
      "price": 55000,
      "company": "HP"
    },
    {
      "id": 102,
      "name": "Mobile",
      "price": 3000,
      "company": "Oppo"
    },
    {
      "id": 104,
      "name": "Adapter",
      "price": 1000,
      "company": "Toshiba"
    },
    {
      "name": "Remote",
      "price": "200",
      "company": "Onida",
      "id": 105
    },
    {
      "name": "Laser Printer",
      "price": "23000",
      "company": "Epsom",
      "id": 106
    }
  ],
  "users":[
    {"id":1,"userid":"admin","userpass":"admin@123"},
    {"id":2,"userid":"king","userpass":"king@123"},
    {"id":3,"userid":"hero","userpass":"hero@123"}
  ]
}